field_id,identifier,year,company_type,observed_security_sessions,non_null,source_null,non_null_ratio_of_returned_rows
market.capitalization.total,total_mv,2010,not_applicable_market_observation,431567,431567,0,1.0
market.capitalization.float,circ_mv,2010,not_applicable_market_observation,431567,431567,0,1.0
market.shares.total,total_share,2010,not_applicable_market_observation,431567,431567,0,1.0
market.shares.float,float_share,2010,not_applicable_market_observation,431567,431567,0,1.0
market.shares.free_float,free_share,2010,not_applicable_market_observation,431567,431273,294,0.9993187616291329
market.turnover.float_ratio,turnover_rate,2010,not_applicable_market_observation,431567,431567,0,1.0
market.turnover.free_float_ratio,turnover_rate_f,2010,not_applicable_market_observation,431567,431567,0,1.0
market.volume.ratio,volume_ratio,2010,not_applicable_market_observation,431567,429839,1728,0.9959959867181689
market.valuation.pe,pe,2010,not_applicable_market_observation,431567,387041,44526,0.896827143873373
market.valuation.pe_ttm,pe_ttm,2010,not_applicable_market_observation,431567,372787,58780,0.8637986685728983
market.valuation.pb,pb,2010,not_applicable_market_observation,431567,423024,8543,0.9802046959104843
market.valuation.ps,ps,2010,not_applicable_market_observation,431567,430918,649,0.9984961778819975
market.valuation.ps_ttm,ps_ttm,2010,not_applicable_market_observation,431567,430942,625,0.9985517891775785
market.dividend.yield_annual,dv_ratio,2010,not_applicable_market_observation,431567,354366,77201,0.8211146820771745
market.dividend.yield_ttm,dv_ttm,2010,not_applicable_market_observation,431567,220680,210887,0.5113458628671794
market.capitalization.total,total_mv,2011,not_applicable_market_observation,511455,511455,0,1.0
market.capitalization.float,circ_mv,2011,not_applicable_market_observation,511455,511455,0,1.0
market.shares.total,total_share,2011,not_applicable_market_observation,511455,511455,0,1.0
market.shares.float,float_share,2011,not_applicable_market_observation,511455,511455,0,1.0
market.shares.free_float,free_share,2011,not_applicable_market_observation,511455,511314,141,0.9997243159222219
market.turnover.float_ratio,turnover_rate,2011,not_applicable_market_observation,511455,511455,0,1.0
market.turnover.free_float_ratio,turnover_rate_f,2011,not_applicable_market_observation,511455,511455,0,1.0
market.volume.ratio,volume_ratio,2011,not_applicable_market_observation,511455,510034,1421,0.9972216519537398
market.valuation.pe,pe,2011,not_applicable_market_observation,511455,483472,27983,0.945287464195286
market.valuation.pe_ttm,pe_ttm,2011,not_applicable_market_observation,511455,473545,37910,0.9258781319959722
market.valuation.pb,pb,2011,not_applicable_market_observation,511455,503695,7760,0.9848275996910775
market.valuation.ps,ps,2011,not_applicable_market_observation,511455,510683,772,0.9984905807940092
market.valuation.ps_ttm,ps_ttm,2011,not_applicable_market_observation,511455,510653,802,0.998431924607248
market.dividend.yield_annual,dv_ratio,2011,not_applicable_market_observation,511455,396873,114582,0.7759685602838959
market.dividend.yield_ttm,dv_ttm,2011,not_applicable_market_observation,511455,280963,230492,0.5493406067004918
market.capitalization.total,total_mv,2012,not_applicable_market_observation,565675,565675,0,1.0
market.capitalization.float,circ_mv,2012,not_applicable_market_observation,565675,565675,0,1.0
market.shares.total,total_share,2012,not_applicable_market_observation,565675,565675,0,1.0
market.shares.float,float_share,2012,not_applicable_market_observation,565675,565675,0,1.0
market.shares.free_float,free_share,2012,not_applicable_market_observation,565675,565477,198,0.9996499756927565
market.turnover.float_ratio,turnover_rate,2012,not_applicable_market_observation,565675,565675,0,1.0
market.turnover.free_float_ratio,turnover_rate_f,2012,not_applicable_market_observation,565675,565675,0,1.0
market.volume.ratio,volume_ratio,2012,not_applicable_market_observation,565675,564884,791,0.9986016705705573
market.valuation.pe,pe,2012,not_applicable_market_observation,565675,534587,31088,0.9450426481636982
market.valuation.pe_ttm,pe_ttm,2012,not_applicable_market_observation,565675,508771,56904,0.8994051354576391
market.valuation.pb,pb,2012,not_applicable_market_observation,565675,559485,6190,0.9890573208998099
market.valuation.ps,ps,2012,not_applicable_market_observation,565675,564866,809,0.9985698501789897
market.valuation.ps_ttm,ps_ttm,2012,not_applicable_market_observation,565675,565084,591,0.998955230476864
market.dividend.yield_annual,dv_ratio,2012,not_applicable_market_observation,565675,472009,93666,0.8344172890794184
market.dividend.yield_ttm,dv_ttm,2012,not_applicable_market_observation,565675,352160,213515,0.622548283024705
market.capitalization.total,total_mv,2013,not_applicable_market_observation,564168,564168,0,1.0
market.capitalization.float,circ_mv,2013,not_applicable_market_observation,564168,564168,0,1.0
market.shares.total,total_share,2013,not_applicable_market_observation,564168,564168,0,1.0
market.shares.float,float_share,2013,not_applicable_market_observation,564168,564168,0,1.0
market.shares.free_float,free_share,2013,not_applicable_market_observation,564168,563527,641,0.9988638136158023
market.turnover.float_ratio,turnover_rate,2013,not_applicable_market_observation,564168,564168,0,1.0
market.turnover.free_float_ratio,turnover_rate_f,2013,not_applicable_market_observation,564168,564168,0,1.0
market.volume.ratio,volume_ratio,2013,not_applicable_market_observation,564168,564158,10,0.9999822747833979
market.valuation.pe,pe,2013,not_applicable_market_observation,564168,521553,42615,0.9244639894499511
market.valuation.pe_ttm,pe_ttm,2013,not_applicable_market_observation,564168,494021,70147,0.8756629231009203
market.valuation.pb,pb,2013,not_applicable_market_observation,564168,559995,4173,0.9926032671119241
market.valuation.ps,ps,2013,not_applicable_market_observation,564168,563703,465,0.9991757774280001
market.valuation.ps_ttm,ps_ttm,2013,not_applicable_market_observation,564168,563749,419,0.9992573134243701
market.dividend.yield_annual,dv_ratio,2013,not_applicable_market_observation,564168,525622,38546,0.9316763800853647
market.dividend.yield_ttm,dv_ttm,2013,not_applicable_market_observation,564168,392481,171687,0.6956810737227209
market.capitalization.total,total_mv,2014,not_applicable_market_observation,569948,569948,0,1.0
market.capitalization.float,circ_mv,2014,not_applicable_market_observation,569948,569948,0,1.0
market.shares.total,total_share,2014,not_applicable_market_observation,569948,569948,0,1.0
market.shares.float,float_share,2014,not_applicable_market_observation,569948,569948,0,1.0
market.shares.free_float,free_share,2014,not_applicable_market_observation,569948,569721,227,0.9996017180514714
market.turnover.float_ratio,turnover_rate,2014,not_applicable_market_observation,569948,569948,0,1.0
market.turnover.free_float_ratio,turnover_rate_f,2014,not_applicable_market_observation,569948,569947,1,0.9999982454539712
market.volume.ratio,volume_ratio,2014,not_applicable_market_observation,569948,569356,592,0.9989613087509738
market.valuation.pe,pe,2014,not_applicable_market_observation,569948,525642,44306,0.9222630836497364
market.valuation.pe_ttm,pe_ttm,2014,not_applicable_market_observation,569948,502306,67642,0.881318997522581
market.valuation.pb,pb,2014,not_applicable_market_observation,569948,568071,1877,0.9967067171040165
market.valuation.ps,ps,2014,not_applicable_market_observation,569948,569823,125,0.9997806817464049
market.valuation.ps_ttm,ps_ttm,2014,not_applicable_market_observation,569948,569591,357,0.9993736270677325
market.dividend.yield_annual,dv_ratio,2014,not_applicable_market_observation,569948,527734,42214,0.9259335939419034
market.dividend.yield_ttm,dv_ttm,2014,not_applicable_market_observation,569948,408105,161843,0.7160390070673114
market.capitalization.total,total_mv,2015,not_applicable_market_observation,569698,569698,0,1.0
market.capitalization.float,circ_mv,2015,not_applicable_market_observation,569698,569698,0,1.0
market.shares.total,total_share,2015,not_applicable_market_observation,569698,569698,0,1.0
market.shares.float,float_share,2015,not_applicable_market_observation,569698,569698,0,1.0
market.shares.free_float,free_share,2015,not_applicable_market_observation,569698,569649,49,0.999913989517253
market.turnover.float_ratio,turnover_rate,2015,not_applicable_market_observation,569698,569698,0,1.0
market.turnover.free_float_ratio,turnover_rate_f,2015,not_applicable_market_observation,569698,569698,0,1.0
market.volume.ratio,volume_ratio,2015,not_applicable_market_observation,569698,568581,1117,0.9980393120565633
market.valuation.pe,pe,2015,not_applicable_market_observation,569698,526144,43554,0.9235489680497386
market.valuation.pe_ttm,pe_ttm,2015,not_applicable_market_observation,569698,496872,72826,0.872167358846266
market.valuation.pb,pb,2015,not_applicable_market_observation,569698,567339,2359,0.995859209616323
market.valuation.ps,ps,2015,not_applicable_market_observation,569698,569631,67,0.9998823938297133
market.valuation.ps_ttm,ps_ttm,2015,not_applicable_market_observation,569698,569495,203,0.999643670857191
market.dividend.yield_annual,dv_ratio,2015,not_applicable_market_observation,569698,503370,66328,0.8835734020481026
market.dividend.yield_ttm,dv_ttm,2015,not_applicable_market_observation,569698,398532,171166,0.6995495859209616
market.capitalization.total,total_mv,2016,not_applicable_market_observation,641546,641546,0,1.0
market.capitalization.float,circ_mv,2016,not_applicable_market_observation,641546,641546,0,1.0
market.shares.total,total_share,2016,not_applicable_market_observation,641546,641546,0,1.0
market.shares.float,float_share,2016,not_applicable_market_observation,641546,641546,0,1.0
market.shares.free_float,free_share,2016,not_applicable_market_observation,641546,641363,183,0.9997147515532792
market.turnover.float_ratio,turnover_rate,2016,not_applicable_market_observation,641546,641546,0,1.0
market.turnover.free_float_ratio,turnover_rate_f,2016,not_applicable_market_observation,641546,641546,0,1.0
market.volume.ratio,volume_ratio,2016,not_applicable_market_observation,641546,640408,1138,0.9982261599324133
market.valuation.pe,pe,2016,not_applicable_market_observation,641546,579121,62425,0.9026959875051828
market.valuation.pe_ttm,pe_ttm,2016,not_applicable_market_observation,641546,552295,89251,0.8608813709383271
market.valuation.pb,pb,2016,not_applicable_market_observation,641546,639384,2162,0.9966300156185215
market.valuation.ps,ps,2016,not_applicable_market_observation,641546,641513,33,0.9999485617555094
market.valuation.ps_ttm,ps_ttm,2016,not_applicable_market_observation,641546,641456,90,0.9998597138786619
market.dividend.yield_annual,dv_ratio,2016,not_applicable_market_observation,641546,583083,58463,0.9088716943134242
market.dividend.yield_ttm,dv_ttm,2016,not_applicable_market_observation,641546,438581,202965,0.6836314153622656
market.capitalization.total,total_mv,2017,not_applicable_market_observation,743239,743239,0,1.0
market.capitalization.float,circ_mv,2017,not_applicable_market_observation,743239,743239,0,1.0
market.shares.total,total_share,2017,not_applicable_market_observation,743239,743239,0,1.0
market.shares.float,float_share,2017,not_applicable_market_observation,743239,743239,0,1.0
market.shares.free_float,free_share,2017,not_applicable_market_observation,743239,742725,514,0.9993084324154141
market.turnover.float_ratio,turnover_rate,2017,not_applicable_market_observation,743239,743239,0,1.0
market.turnover.free_float_ratio,turnover_rate_f,2017,not_applicable_market_observation,743239,743231,8,0.9999892363021854
market.volume.ratio,volume_ratio,2017,not_applicable_market_observation,743239,741041,2198,0.9970426740254481
market.valuation.pe,pe,2017,not_applicable_market_observation,743239,691304,51935,0.9301234192500663
market.valuation.pe_ttm,pe_ttm,2017,not_applicable_market_observation,743239,677625,65614,0.9117188414493858
market.valuation.pb,pb,2017,not_applicable_market_observation,743239,741635,1604,0.9978418785881796
market.valuation.ps,ps,2017,not_applicable_market_observation,743239,743239,0,1.0
market.valuation.ps_ttm,ps_ttm,2017,not_applicable_market_observation,743239,742934,305,0.9995896340208197
market.dividend.yield_annual,dv_ratio,2017,not_applicable_market_observation,743239,643329,99910,0.8655748689183426
market.dividend.yield_ttm,dv_ttm,2017,not_applicable_market_observation,743239,503467,239772,0.677395830950744
market.capitalization.total,total_mv,2018,not_applicable_market_observation,816988,816988,0,1.0
market.capitalization.float,circ_mv,2018,not_applicable_market_observation,816988,816988,0,1.0
market.shares.total,total_share,2018,not_applicable_market_observation,816988,816988,0,1.0
market.shares.float,float_share,2018,not_applicable_market_observation,816988,816988,0,1.0
market.shares.free_float,free_share,2018,not_applicable_market_observation,816988,816824,164,0.9997992626574687
market.turnover.float_ratio,turnover_rate,2018,not_applicable_market_observation,816988,816988,0,1.0
market.turnover.free_float_ratio,turnover_rate_f,2018,not_applicable_market_observation,816988,816987,1,0.9999987759918139
market.volume.ratio,volume_ratio,2018,not_applicable_market_observation,816988,815930,1058,0.9987049993390356
market.valuation.pe,pe,2018,not_applicable_market_observation,816988,768874,48114,0.941108070130773
market.valuation.pe_ttm,pe_ttm,2018,not_applicable_market_observation,816988,748755,68233,0.9164822494332842
market.valuation.pb,pb,2018,not_applicable_market_observation,816988,814243,2745,0.9966400975289723
market.valuation.ps,ps,2018,not_applicable_market_observation,816988,816988,0,1.0
market.valuation.ps_ttm,ps_ttm,2018,not_applicable_market_observation,816988,816512,476,0.9994173721033847
market.dividend.yield_annual,dv_ratio,2018,not_applicable_market_observation,816988,742345,74643,0.9086363569599554
market.dividend.yield_ttm,dv_ttm,2018,not_applicable_market_observation,816988,599570,217418,0.7338785881799977
market.capitalization.total,total_mv,2019,not_applicable_market_observation,884867,884867,0,1.0
market.capitalization.float,circ_mv,2019,not_applicable_market_observation,884867,884867,0,1.0
market.shares.total,total_share,2019,not_applicable_market_observation,884867,884867,0,1.0
market.shares.float,float_share,2019,not_applicable_market_observation,884867,884867,0,1.0
market.shares.free_float,free_share,2019,not_applicable_market_observation,884867,884782,85,0.9999039403661794
market.turnover.float_ratio,turnover_rate,2019,not_applicable_market_observation,884867,884867,0,1.0
market.turnover.free_float_ratio,turnover_rate_f,2019,not_applicable_market_observation,884867,884864,3,0.9999966096599828
market.volume.ratio,volume_ratio,2019,not_applicable_market_observation,884867,883850,1017,0.9988506747341691
market.valuation.pe,pe,2019,not_applicable_market_observation,884867,795354,89513,0.8988401646801157
market.valuation.pe_ttm,pe_ttm,2019,not_applicable_market_observation,884867,761326,123541,0.8603846679783516
market.valuation.pb,pb,2019,not_applicable_market_observation,884867,878726,6141,0.993059973984791
market.valuation.ps,ps,2019,not_applicable_market_observation,884867,884866,1,0.999998869886661
market.valuation.ps_ttm,ps_ttm,2019,not_applicable_market_observation,884867,883571,1296,0.9985353731125695
market.dividend.yield_annual,dv_ratio,2019,not_applicable_market_observation,884867,848024,36843,0.9583632342487628
market.dividend.yield_ttm,dv_ttm,2019,not_applicable_market_observation,884867,639683,245184,0.7229142910742519
market.capitalization.total,total_mv,2020,not_applicable_market_observation,945962,945962,0,1.0
market.capitalization.float,circ_mv,2020,not_applicable_market_observation,945962,945962,0,1.0
market.shares.total,total_share,2020,not_applicable_market_observation,945962,945962,0,1.0
market.shares.float,float_share,2020,not_applicable_market_observation,945962,945962,0,1.0
market.shares.free_float,free_share,2020,not_applicable_market_observation,945962,945962,0,1.0
market.turnover.float_ratio,turnover_rate,2020,not_applicable_market_observation,945962,945962,0,1.0
market.turnover.free_float_ratio,turnover_rate_f,2020,not_applicable_market_observation,945962,945959,3,0.9999968286252513
market.volume.ratio,volume_ratio,2020,not_applicable_market_observation,945962,943949,2013,0.9978720075436434
market.valuation.pe,pe,2020,not_applicable_market_observation,945962,838592,107370,0.8864964977451526
market.valuation.pe_ttm,pe_ttm,2020,not_applicable_market_observation,945962,780541,165421,0.8251293392334998
market.valuation.pb,pb,2020,not_applicable_market_observation,945962,938001,7961,0.9915842285419499
market.valuation.ps,ps,2020,not_applicable_market_observation,945962,945438,524,0.9994460665438992
market.valuation.ps_ttm,ps_ttm,2020,not_applicable_market_observation,945962,944677,1285,0.9986415944826537
market.dividend.yield_annual,dv_ratio,2020,not_applicable_market_observation,945962,870781,75181,0.9205242916734498
market.dividend.yield_ttm,dv_ttm,2020,not_applicable_market_observation,945962,632101,313861,0.66820971666938
market.capitalization.total,total_mv,2021,not_applicable_market_observation,1058863,1058863,0,1.0
market.capitalization.float,circ_mv,2021,not_applicable_market_observation,1058863,1058863,0,1.0
market.shares.total,total_share,2021,not_applicable_market_observation,1058863,1058863,0,1.0
market.shares.float,float_share,2021,not_applicable_market_observation,1058863,1058863,0,1.0
market.shares.free_float,free_share,2021,not_applicable_market_observation,1058863,1058863,0,1.0
market.turnover.float_ratio,turnover_rate,2021,not_applicable_market_observation,1058863,1058863,0,1.0
market.turnover.free_float_ratio,turnover_rate_f,2021,not_applicable_market_observation,1058863,1058849,14,0.9999867782706545
market.volume.ratio,volume_ratio,2021,not_applicable_market_observation,1058863,1056433,2430,0.9977050855493109
market.valuation.pe,pe,2021,not_applicable_market_observation,1058863,924647,134216,0.873245169582845
market.valuation.pe_ttm,pe_ttm,2021,not_applicable_market_observation,1058863,891167,167696,0.8416263482622398
market.valuation.pb,pb,2021,not_applicable_market_observation,1058863,1048932,9931,0.9906210718478217
market.valuation.ps,ps,2021,not_applicable_market_observation,1058863,1058361,502,0.9995259065620388
market.valuation.ps_ttm,ps_ttm,2021,not_applicable_market_observation,1058863,1057567,1296,0.9987760456262992
market.dividend.yield_annual,dv_ratio,2021,not_applicable_market_observation,1058863,930869,127994,0.8791212838676958
market.dividend.yield_ttm,dv_ttm,2021,not_applicable_market_observation,1058863,697978,360885,0.6591768717955014
market.capitalization.total,total_mv,2022,not_applicable_market_observation,1146263,1146263,0,1.0
market.capitalization.float,circ_mv,2022,not_applicable_market_observation,1146263,1146263,0,1.0
market.shares.total,total_share,2022,not_applicable_market_observation,1146263,1146263,0,1.0
market.shares.float,float_share,2022,not_applicable_market_observation,1146263,1146263,0,1.0
market.shares.free_float,free_share,2022,not_applicable_market_observation,1146263,1146258,5,0.9999956379993074
market.turnover.float_ratio,turnover_rate,2022,not_applicable_market_observation,1146263,1146263,0,1.0
market.turnover.free_float_ratio,turnover_rate_f,2022,not_applicable_market_observation,1146263,1146255,8,0.9999930207988917
market.volume.ratio,volume_ratio,2022,not_applicable_market_observation,1146263,1144539,1724,0.998495982161162
market.valuation.pe,pe,2022,not_applicable_market_observation,1146263,982011,164252,0.8567065324449974
market.valuation.pe_ttm,pe_ttm,2022,not_applicable_market_observation,1146263,937088,209175,0.8175157010214933
market.valuation.pb,pb,2022,not_applicable_market_observation,1146263,1136962,9301,0.9918858063114661
market.valuation.ps,ps,2022,not_applicable_market_observation,1146263,1145710,553,0.999517562723389
market.valuation.ps_ttm,ps_ttm,2022,not_applicable_market_observation,1146263,1145455,808,0.999295100688062
market.dividend.yield_annual,dv_ratio,2022,not_applicable_market_observation,1146263,1034051,112212,0.9021062356544702
market.dividend.yield_ttm,dv_ttm,2022,not_applicable_market_observation,1146263,756715,389548,0.6601582708331334
market.capitalization.total,total_mv,2023,not_applicable_market_observation,1209468,1209468,0,1.0
market.capitalization.float,circ_mv,2023,not_applicable_market_observation,1209468,1209468,0,1.0
market.shares.total,total_share,2023,not_applicable_market_observation,1209468,1209468,0,1.0
market.shares.float,float_share,2023,not_applicable_market_observation,1209468,1209468,0,1.0
market.shares.free_float,free_share,2023,not_applicable_market_observation,1209468,1209467,1,0.999999173190196
market.turnover.float_ratio,turnover_rate,2023,not_applicable_market_observation,1209468,1209468,0,1.0
market.turnover.free_float_ratio,turnover_rate_f,2023,not_applicable_market_observation,1209468,1209467,1,0.999999173190196
market.volume.ratio,volume_ratio,2023,not_applicable_market_observation,1209468,1208277,1191,0.9990152695234599
market.valuation.pe,pe,2023,not_applicable_market_observation,1209468,987459,222009,0.8164407822282194
market.valuation.pe_ttm,pe_ttm,2023,not_applicable_market_observation,1209468,937735,271733,0.7753284915351212
market.valuation.pb,pb,2023,not_applicable_market_observation,1209468,1200975,8493,0.9929779043347985
market.valuation.ps,ps,2023,not_applicable_market_observation,1209468,1208719,749,0.999380719456819
market.valuation.ps_ttm,ps_ttm,2023,not_applicable_market_observation,1209468,1208763,705,0.9994170990881941
market.dividend.yield_annual,dv_ratio,2023,not_applicable_market_observation,1209468,1118198,91270,0.9245370691907516
market.dividend.yield_ttm,dv_ttm,2023,not_applicable_market_observation,1209468,788253,421215,0.6517353084165931
market.capitalization.total,total_mv,2024,not_applicable_market_observation,1233202,1233202,0,1.0
market.capitalization.float,circ_mv,2024,not_applicable_market_observation,1233202,1233202,0,1.0
market.shares.total,total_share,2024,not_applicable_market_observation,1233202,1233202,0,1.0
market.shares.float,float_share,2024,not_applicable_market_observation,1233202,1233202,0,1.0
market.shares.free_float,free_share,2024,not_applicable_market_observation,1233202,1233202,0,1.0
market.turnover.float_ratio,turnover_rate,2024,not_applicable_market_observation,1233202,1233202,0,1.0
market.turnover.free_float_ratio,turnover_rate_f,2024,not_applicable_market_observation,1233202,1233202,0,1.0
market.volume.ratio,volume_ratio,2024,not_applicable_market_observation,1233202,1232810,392,0.9996821283131231
market.valuation.pe,pe,2024,not_applicable_market_observation,1233202,979461,253741,0.7942421436228615
market.valuation.pe_ttm,pe_ttm,2024,not_applicable_market_observation,1233202,930818,302384,0.7547976730495085
market.valuation.pb,pb,2024,not_applicable_market_observation,1233202,1225769,7433,0.9939726014067444
market.valuation.ps,ps,2024,not_applicable_market_observation,1233202,1232465,737,0.999402368792785
market.valuation.ps_ttm,ps_ttm,2024,not_applicable_market_observation,1233202,1232343,859,0.9993034393392162
market.dividend.yield_annual,dv_ratio,2024,not_applicable_market_observation,1233202,1164299,68903,0.9441267529569365
market.dividend.yield_ttm,dv_ttm,2024,not_applicable_market_observation,1233202,842146,391056,0.682893800042491
market.capitalization.total,total_mv,2025,not_applicable_market_observation,1248108,1248108,0,1.0
market.capitalization.float,circ_mv,2025,not_applicable_market_observation,1248108,1248108,0,1.0
market.shares.total,total_share,2025,not_applicable_market_observation,1248108,1248108,0,1.0
market.shares.float,float_share,2025,not_applicable_market_observation,1248108,1248108,0,1.0
market.shares.free_float,free_share,2025,not_applicable_market_observation,1248108,1248108,0,1.0
market.turnover.float_ratio,turnover_rate,2025,not_applicable_market_observation,1248108,1248108,0,1.0
market.turnover.free_float_ratio,turnover_rate_f,2025,not_applicable_market_observation,1248108,1248108,0,1.0
market.volume.ratio,volume_ratio,2025,not_applicable_market_observation,1248108,1247666,442,0.9996458639797197
market.valuation.pe,pe,2025,not_applicable_market_observation,1248108,945849,302259,0.7578262458056514
market.valuation.pe_ttm,pe_ttm,2025,not_applicable_market_observation,1248108,904387,343721,0.7246063641928423
market.valuation.pb,pb,2025,not_applicable_market_observation,1248108,1240070,8038,0.9935598521922783
market.valuation.ps,ps,2025,not_applicable_market_observation,1248108,1247892,216,0.9998269380534377
market.valuation.ps_ttm,ps_ttm,2025,not_applicable_market_observation,1248108,1247440,668,0.9994647899060017
market.dividend.yield_annual,dv_ratio,2025,not_applicable_market_observation,1248108,1186368,61740,0.9505331269409378
market.dividend.yield_ttm,dv_ttm,2025,not_applicable_market_observation,1248108,874045,374063,0.7002959679771302
market.capitalization.total,total_mv,2026,not_applicable_market_observation,866351,866351,0,1.0
market.capitalization.float,circ_mv,2026,not_applicable_market_observation,866351,866351,0,1.0
market.shares.total,total_share,2026,not_applicable_market_observation,866351,866351,0,1.0
market.shares.float,float_share,2026,not_applicable_market_observation,866351,866351,0,1.0
market.shares.free_float,free_share,2026,not_applicable_market_observation,866351,866351,0,1.0
market.turnover.float_ratio,turnover_rate,2026,not_applicable_market_observation,866351,866351,0,1.0
market.turnover.free_float_ratio,turnover_rate_f,2026,not_applicable_market_observation,866351,866351,0,1.0
market.volume.ratio,volume_ratio,2026,not_applicable_market_observation,866351,866074,277,0.9996802681592103
market.valuation.pe,pe,2026,not_applicable_market_observation,866351,638351,228000,0.7368272212994502
market.valuation.pe_ttm,pe_ttm,2026,not_applicable_market_observation,866351,619238,247113,0.7147657242849608
market.valuation.pb,pb,2026,not_applicable_market_observation,866351,859567,6784,0.9921694555670854
market.valuation.ps,ps,2026,not_applicable_market_observation,866351,866056,295,0.9996594913608918
market.valuation.ps_ttm,ps_ttm,2026,not_applicable_market_observation,866351,865578,773,0.9991077519388792
market.dividend.yield_annual,dv_ratio,2026,not_applicable_market_observation,866351,603537,262814,0.6966425848183935
market.dividend.yield_ttm,dv_ttm,2026,not_applicable_market_observation,866351,578461,287890,0.6676981962276259
