field_id,year,listed_security_sessions,dsl_non_null,dsl_missing
financial.balance_sheet.accounts_payable.latest_reported,2010,452712,440416,12296
financial.balance_sheet.accounts_payable.latest_reported,2011,536606,523430,13176
financial.balance_sheet.accounts_payable.latest_reported,2012,586712,574053,12659
financial.balance_sheet.accounts_payable.latest_reported,2013,587580,575311,12269
financial.balance_sheet.accounts_payable.latest_reported,2014,620068,610320,9748
financial.balance_sheet.accounts_payable.latest_reported,2015,665185,651479,13706
financial.balance_sheet.accounts_payable.latest_reported,2016,704146,690032,14114
financial.balance_sheet.accounts_payable.latest_reported,2017,799069,779799,19270
financial.balance_sheet.accounts_payable.latest_reported,2018,856805,684062,172743
financial.balance_sheet.accounts_payable.latest_reported,2019,890261,349854,540407
financial.balance_sheet.accounts_payable.latest_reported,2020,952002,928126,23876
financial.balance_sheet.accounts_payable.latest_reported,2021,1062390,1039194,23196
financial.balance_sheet.accounts_payable.latest_reported,2022,1149262,1125104,24158
financial.balance_sheet.accounts_payable.latest_reported,2023,1211954,1187442,24512
financial.balance_sheet.accounts_payable.latest_reported,2024,1236332,1212334,23998
financial.balance_sheet.accounts_payable.latest_reported,2025,1251467,1227308,24159
financial.balance_sheet.accounts_payable.latest_reported,2026,868253,851645,16608
financial.balance_sheet.accounts_receivable.latest_reported,2010,452712,436606,16106
financial.balance_sheet.accounts_receivable.latest_reported,2011,536606,518483,18123
financial.balance_sheet.accounts_receivable.latest_reported,2012,586712,569480,17232
financial.balance_sheet.accounts_receivable.latest_reported,2013,587580,572254,15326
financial.balance_sheet.accounts_receivable.latest_reported,2014,620068,607797,12271
financial.balance_sheet.accounts_receivable.latest_reported,2015,665185,648040,17145
financial.balance_sheet.accounts_receivable.latest_reported,2016,704146,686354,17792
financial.balance_sheet.accounts_receivable.latest_reported,2017,799069,775882,23187
financial.balance_sheet.accounts_receivable.latest_reported,2018,856805,830831,25974
financial.balance_sheet.accounts_receivable.latest_reported,2019,890261,850052,40209
financial.balance_sheet.accounts_receivable.latest_reported,2020,952002,927216,24786
financial.balance_sheet.accounts_receivable.latest_reported,2021,1062390,1036574,25816
financial.balance_sheet.accounts_receivable.latest_reported,2022,1149262,1121732,27530
financial.balance_sheet.accounts_receivable.latest_reported,2023,1211954,1184209,27745
financial.balance_sheet.accounts_receivable.latest_reported,2024,1236332,1209188,27144
financial.balance_sheet.accounts_receivable.latest_reported,2025,1251467,1224749,26718
financial.balance_sheet.accounts_receivable.latest_reported,2026,868253,850092,18161
financial.balance_sheet.bonds_payable.latest_reported,2010,452712,42007,410705
financial.balance_sheet.bonds_payable.latest_reported,2011,536606,56236,480370
financial.balance_sheet.bonds_payable.latest_reported,2012,586712,98083,488629
financial.balance_sheet.bonds_payable.latest_reported,2013,587580,122889,464691
financial.balance_sheet.bonds_payable.latest_reported,2014,620068,136475,483593
financial.balance_sheet.bonds_payable.latest_reported,2015,665185,145053,520132
financial.balance_sheet.bonds_payable.latest_reported,2016,704146,162281,541865
financial.balance_sheet.bonds_payable.latest_reported,2017,799069,169527,629542
financial.balance_sheet.bonds_payable.latest_reported,2018,856805,174724,682081
financial.balance_sheet.bonds_payable.latest_reported,2019,890261,181656,708605
financial.balance_sheet.bonds_payable.latest_reported,2020,952002,195490,756512
financial.balance_sheet.bonds_payable.latest_reported,2021,1062390,208887,853503
financial.balance_sheet.bonds_payable.latest_reported,2022,1149262,213075,936187
financial.balance_sheet.bonds_payable.latest_reported,2023,1211954,228122,983832
financial.balance_sheet.bonds_payable.latest_reported,2024,1236332,232043,1004289
financial.balance_sheet.bonds_payable.latest_reported,2025,1251467,223224,1028243
financial.balance_sheet.bonds_payable.latest_reported,2026,868253,143541,724712
financial.balance_sheet.contract_assets.latest_reported,2010,452712,0,452712
financial.balance_sheet.contract_assets.latest_reported,2011,536606,0,536606
financial.balance_sheet.contract_assets.latest_reported,2012,586712,0,586712
financial.balance_sheet.contract_assets.latest_reported,2013,587580,0,587580
financial.balance_sheet.contract_assets.latest_reported,2014,620068,0,620068
financial.balance_sheet.contract_assets.latest_reported,2015,665185,0,665185
financial.balance_sheet.contract_assets.latest_reported,2016,704146,0,704146
financial.balance_sheet.contract_assets.latest_reported,2017,799069,0,799069
financial.balance_sheet.contract_assets.latest_reported,2018,856805,2968,853837
financial.balance_sheet.contract_assets.latest_reported,2019,890261,14249,876012
financial.balance_sheet.contract_assets.latest_reported,2020,952002,128609,823393
financial.balance_sheet.contract_assets.latest_reported,2021,1062390,307057,755333
financial.balance_sheet.contract_assets.latest_reported,2022,1149262,387240,762022
financial.balance_sheet.contract_assets.latest_reported,2023,1211954,434230,777724
financial.balance_sheet.contract_assets.latest_reported,2024,1236332,462584,773748
financial.balance_sheet.contract_assets.latest_reported,2025,1251467,479397,772070
financial.balance_sheet.contract_assets.latest_reported,2026,868253,344616,523637
financial.balance_sheet.contract_liabilities.latest_reported,2010,452712,0,452712
financial.balance_sheet.contract_liabilities.latest_reported,2011,536606,0,536606
financial.balance_sheet.contract_liabilities.latest_reported,2012,586712,0,586712
financial.balance_sheet.contract_liabilities.latest_reported,2013,587580,0,587580
financial.balance_sheet.contract_liabilities.latest_reported,2014,620068,0,620068
financial.balance_sheet.contract_liabilities.latest_reported,2015,665185,0,665185
financial.balance_sheet.contract_liabilities.latest_reported,2016,704146,0,704146
financial.balance_sheet.contract_liabilities.latest_reported,2017,799069,0,799069
financial.balance_sheet.contract_liabilities.latest_reported,2018,856805,7419,849386
financial.balance_sheet.contract_liabilities.latest_reported,2019,890261,34490,855771
financial.balance_sheet.contract_liabilities.latest_reported,2020,952002,475084,476918
financial.balance_sheet.contract_liabilities.latest_reported,2021,1062390,991623,70767
financial.balance_sheet.contract_liabilities.latest_reported,2022,1149262,1111969,37293
financial.balance_sheet.contract_liabilities.latest_reported,2023,1211954,1177522,34432
financial.balance_sheet.contract_liabilities.latest_reported,2024,1236332,1209573,26759
financial.balance_sheet.contract_liabilities.latest_reported,2025,1251467,1211995,39472
financial.balance_sheet.contract_liabilities.latest_reported,2026,868253,848315,19938
financial.balance_sheet.equity_parent.latest_reported,2010,452712,451881,831
financial.balance_sheet.equity_parent.latest_reported,2011,536606,535932,674
financial.balance_sheet.equity_parent.latest_reported,2012,586712,586226,486
financial.balance_sheet.equity_parent.latest_reported,2013,587580,587104,476
financial.balance_sheet.equity_parent.latest_reported,2014,620068,619681,387
financial.balance_sheet.equity_parent.latest_reported,2015,665185,665093,92
financial.balance_sheet.equity_parent.latest_reported,2016,704146,704146,0
financial.balance_sheet.equity_parent.latest_reported,2017,799069,799069,0
financial.balance_sheet.equity_parent.latest_reported,2018,856805,856805,0
financial.balance_sheet.equity_parent.latest_reported,2019,890261,890261,0
financial.balance_sheet.equity_parent.latest_reported,2020,952002,952002,0
financial.balance_sheet.equity_parent.latest_reported,2021,1062390,1062360,30
financial.balance_sheet.equity_parent.latest_reported,2022,1149262,1149081,181
financial.balance_sheet.equity_parent.latest_reported,2023,1211954,1211834,120
financial.balance_sheet.equity_parent.latest_reported,2024,1236332,1236236,96
financial.balance_sheet.equity_parent.latest_reported,2025,1251467,1251448,19
financial.balance_sheet.equity_parent.latest_reported,2026,868253,868154,99
financial.balance_sheet.goodwill.latest_reported,2010,452712,148713,303999
financial.balance_sheet.goodwill.latest_reported,2011,536606,180306,356300
financial.balance_sheet.goodwill.latest_reported,2012,586712,225685,361027
financial.balance_sheet.goodwill.latest_reported,2013,587580,245294,342286
financial.balance_sheet.goodwill.latest_reported,2014,620068,280554,339514
financial.balance_sheet.goodwill.latest_reported,2015,665185,326111,339074
financial.balance_sheet.goodwill.latest_reported,2016,704146,379598,324548
financial.balance_sheet.goodwill.latest_reported,2017,799069,437262,361807
financial.balance_sheet.goodwill.latest_reported,2018,856805,482821,373984
financial.balance_sheet.goodwill.latest_reported,2019,890261,513965,376296
financial.balance_sheet.goodwill.latest_reported,2020,952002,526631,425371
financial.balance_sheet.goodwill.latest_reported,2021,1062390,554750,507640
financial.balance_sheet.goodwill.latest_reported,2022,1149262,587526,561736
financial.balance_sheet.goodwill.latest_reported,2023,1211954,615980,595974
financial.balance_sheet.goodwill.latest_reported,2024,1236332,628227,608105
financial.balance_sheet.goodwill.latest_reported,2025,1251467,632018,619449
financial.balance_sheet.goodwill.latest_reported,2026,868253,438120,430133
financial.balance_sheet.inventories.latest_reported,2010,452712,435791,16921
financial.balance_sheet.inventories.latest_reported,2011,536606,516375,20231
financial.balance_sheet.inventories.latest_reported,2012,586712,566278,20434
financial.balance_sheet.inventories.latest_reported,2013,587580,568729,18851
financial.balance_sheet.inventories.latest_reported,2014,620068,600502,19566
financial.balance_sheet.inventories.latest_reported,2015,665185,642461,22724
financial.balance_sheet.inventories.latest_reported,2016,704146,680306,23840
financial.balance_sheet.inventories.latest_reported,2017,799069,768115,30954
financial.balance_sheet.inventories.latest_reported,2018,856805,825533,31272
financial.balance_sheet.inventories.latest_reported,2019,890261,856649,33612
financial.balance_sheet.inventories.latest_reported,2020,952002,916059,35943
financial.balance_sheet.inventories.latest_reported,2021,1062390,1023101,39289
financial.balance_sheet.inventories.latest_reported,2022,1149262,1110149,39113
financial.balance_sheet.inventories.latest_reported,2023,1211954,1172744,39210
financial.balance_sheet.inventories.latest_reported,2024,1236332,1198783,37549
financial.balance_sheet.inventories.latest_reported,2025,1251467,1214954,36513
financial.balance_sheet.inventories.latest_reported,2026,868253,842619,25634
financial.balance_sheet.long_term_borrowings.latest_reported,2010,452712,264802,187910
financial.balance_sheet.long_term_borrowings.latest_reported,2011,536606,291482,245124
financial.balance_sheet.long_term_borrowings.latest_reported,2012,586712,313724,272988
financial.balance_sheet.long_term_borrowings.latest_reported,2013,587580,308819,278761
financial.balance_sheet.long_term_borrowings.latest_reported,2014,620068,330558,289510
financial.balance_sheet.long_term_borrowings.latest_reported,2015,665185,354449,310736
financial.balance_sheet.long_term_borrowings.latest_reported,2016,704146,377702,326444
financial.balance_sheet.long_term_borrowings.latest_reported,2017,799069,423446,375623
financial.balance_sheet.long_term_borrowings.latest_reported,2018,856805,459989,396816
financial.balance_sheet.long_term_borrowings.latest_reported,2019,890261,488424,401837
financial.balance_sheet.long_term_borrowings.latest_reported,2020,952002,517548,434454
financial.balance_sheet.long_term_borrowings.latest_reported,2021,1062390,565746,496644
financial.balance_sheet.long_term_borrowings.latest_reported,2022,1149262,620854,528408
financial.balance_sheet.long_term_borrowings.latest_reported,2023,1211954,691195,520759
financial.balance_sheet.long_term_borrowings.latest_reported,2024,1236332,724041,512291
financial.balance_sheet.long_term_borrowings.latest_reported,2025,1251467,754220,497247
financial.balance_sheet.long_term_borrowings.latest_reported,2026,868253,541063,327190
financial.balance_sheet.monetary_funds.latest_reported,2010,452712,448195,4517
financial.balance_sheet.monetary_funds.latest_reported,2011,536606,531944,4662
financial.balance_sheet.monetary_funds.latest_reported,2012,586712,582177,4535
financial.balance_sheet.monetary_funds.latest_reported,2013,587580,583142,4438
financial.balance_sheet.monetary_funds.latest_reported,2014,620068,614523,5545
financial.balance_sheet.monetary_funds.latest_reported,2015,665185,657841,7344
financial.balance_sheet.monetary_funds.latest_reported,2016,704146,698016,6130
financial.balance_sheet.monetary_funds.latest_reported,2017,799069,789256,9813
financial.balance_sheet.monetary_funds.latest_reported,2018,856805,848581,8224
financial.balance_sheet.monetary_funds.latest_reported,2019,890261,880672,9589
financial.balance_sheet.monetary_funds.latest_reported,2020,952002,941991,10011
financial.balance_sheet.monetary_funds.latest_reported,2021,1062390,1051733,10657
financial.balance_sheet.monetary_funds.latest_reported,2022,1149262,1137728,11534
financial.balance_sheet.monetary_funds.latest_reported,2023,1211954,1200026,11928
financial.balance_sheet.monetary_funds.latest_reported,2024,1236332,1224561,11771
financial.balance_sheet.monetary_funds.latest_reported,2025,1251467,1239784,11683
financial.balance_sheet.monetary_funds.latest_reported,2026,868253,860192,8061
financial.balance_sheet.noncurrent_liabilities_due_1y.latest_reported,2010,452712,184877,267835
financial.balance_sheet.noncurrent_liabilities_due_1y.latest_reported,2011,536606,213568,323038
financial.balance_sheet.noncurrent_liabilities_due_1y.latest_reported,2012,586712,257006,329706
financial.balance_sheet.noncurrent_liabilities_due_1y.latest_reported,2013,587580,250342,337238
financial.balance_sheet.noncurrent_liabilities_due_1y.latest_reported,2014,620068,271493,348575
financial.balance_sheet.noncurrent_liabilities_due_1y.latest_reported,2015,665185,312849,352336
financial.balance_sheet.noncurrent_liabilities_due_1y.latest_reported,2016,704146,341568,362578
financial.balance_sheet.noncurrent_liabilities_due_1y.latest_reported,2017,799069,388549,410520
financial.balance_sheet.noncurrent_liabilities_due_1y.latest_reported,2018,856805,432333,424472
financial.balance_sheet.noncurrent_liabilities_due_1y.latest_reported,2019,890261,473725,416536
financial.balance_sheet.noncurrent_liabilities_due_1y.latest_reported,2020,952002,510820,441182
financial.balance_sheet.noncurrent_liabilities_due_1y.latest_reported,2021,1062390,637840,424550
financial.balance_sheet.noncurrent_liabilities_due_1y.latest_reported,2022,1149262,931566,217696
financial.balance_sheet.noncurrent_liabilities_due_1y.latest_reported,2023,1211954,1077596,134358
financial.balance_sheet.noncurrent_liabilities_due_1y.latest_reported,2024,1236332,1122689,113643
financial.balance_sheet.noncurrent_liabilities_due_1y.latest_reported,2025,1251467,1148020,103447
financial.balance_sheet.noncurrent_liabilities_due_1y.latest_reported,2026,868253,801217,67036
financial.balance_sheet.notes_receivable.latest_reported,2010,452712,323029,129683
financial.balance_sheet.notes_receivable.latest_reported,2011,536606,392017,144589
financial.balance_sheet.notes_receivable.latest_reported,2012,586712,455790,130922
financial.balance_sheet.notes_receivable.latest_reported,2013,587580,462724,124856
financial.balance_sheet.notes_receivable.latest_reported,2014,620068,495438,124630
financial.balance_sheet.notes_receivable.latest_reported,2015,665185,532567,132618
financial.balance_sheet.notes_receivable.latest_reported,2016,704146,565689,138457
financial.balance_sheet.notes_receivable.latest_reported,2017,799069,639090,159979
financial.balance_sheet.notes_receivable.latest_reported,2018,856805,690765,166040
financial.balance_sheet.notes_receivable.latest_reported,2019,890261,706428,183833
financial.balance_sheet.notes_receivable.latest_reported,2020,952002,613032,338970
financial.balance_sheet.notes_receivable.latest_reported,2021,1062390,650265,412125
financial.balance_sheet.notes_receivable.latest_reported,2022,1149262,749784,399478
financial.balance_sheet.notes_receivable.latest_reported,2023,1211954,827342,384612
financial.balance_sheet.notes_receivable.latest_reported,2024,1236332,866350,369982
financial.balance_sheet.notes_receivable.latest_reported,2025,1251467,903206,348261
financial.balance_sheet.notes_receivable.latest_reported,2026,868253,638721,229532
financial.balance_sheet.other_equity_instruments.latest_reported,2010,452712,0,452712
financial.balance_sheet.other_equity_instruments.latest_reported,2011,536606,0,536606
financial.balance_sheet.other_equity_instruments.latest_reported,2012,586712,0,586712
financial.balance_sheet.other_equity_instruments.latest_reported,2013,587580,0,587580
financial.balance_sheet.other_equity_instruments.latest_reported,2014,620068,474,619594
financial.balance_sheet.other_equity_instruments.latest_reported,2015,665185,10388,654797
financial.balance_sheet.other_equity_instruments.latest_reported,2016,704146,20066,684080
financial.balance_sheet.other_equity_instruments.latest_reported,2017,799069,26683,772386
financial.balance_sheet.other_equity_instruments.latest_reported,2018,856805,41299,815506
financial.balance_sheet.other_equity_instruments.latest_reported,2019,890261,63370,826891
financial.balance_sheet.other_equity_instruments.latest_reported,2020,952002,90701,861301
financial.balance_sheet.other_equity_instruments.latest_reported,2021,1062390,122706,939684
financial.balance_sheet.other_equity_instruments.latest_reported,2022,1149262,143136,1006126
financial.balance_sheet.other_equity_instruments.latest_reported,2023,1211954,172350,1039604
financial.balance_sheet.other_equity_instruments.latest_reported,2024,1236332,185419,1050913
financial.balance_sheet.other_equity_instruments.latest_reported,2025,1251467,180214,1071253
financial.balance_sheet.other_equity_instruments.latest_reported,2026,868253,110933,757320
financial.balance_sheet.other_receivables.latest_reported,2010,452712,443568,9144
financial.balance_sheet.other_receivables.latest_reported,2011,536606,526091,10515
financial.balance_sheet.other_receivables.latest_reported,2012,586712,576382,10330
financial.balance_sheet.other_receivables.latest_reported,2013,587580,577616,9964
financial.balance_sheet.other_receivables.latest_reported,2014,620068,608701,11367
financial.balance_sheet.other_receivables.latest_reported,2015,665185,651685,13500
financial.balance_sheet.other_receivables.latest_reported,2016,704146,691301,12845
financial.balance_sheet.other_receivables.latest_reported,2017,799069,781193,17876
financial.balance_sheet.other_receivables.latest_reported,2018,856805,689776,167029
financial.balance_sheet.other_receivables.latest_reported,2019,890261,221916,668345
financial.balance_sheet.other_receivables.latest_reported,2020,952002,227033,724969
financial.balance_sheet.other_receivables.latest_reported,2021,1062390,246137,816253
financial.balance_sheet.other_receivables.latest_reported,2022,1149262,254158,895104
financial.balance_sheet.other_receivables.latest_reported,2023,1211954,262005,949949
financial.balance_sheet.other_receivables.latest_reported,2024,1236332,255034,981298
financial.balance_sheet.other_receivables.latest_reported,2025,1251467,265515,985952
financial.balance_sheet.other_receivables.latest_reported,2026,868253,86415,781838
financial.balance_sheet.prepayments.latest_reported,2010,452712,437442,15270
financial.balance_sheet.prepayments.latest_reported,2011,536606,519095,17511
financial.balance_sheet.prepayments.latest_reported,2012,586712,570875,15837
financial.balance_sheet.prepayments.latest_reported,2013,587580,573003,14577
financial.balance_sheet.prepayments.latest_reported,2014,620068,604610,15458
financial.balance_sheet.prepayments.latest_reported,2015,665185,646629,18556
financial.balance_sheet.prepayments.latest_reported,2016,704146,686527,17619
financial.balance_sheet.prepayments.latest_reported,2017,799069,776508,22561
financial.balance_sheet.prepayments.latest_reported,2018,856805,836080,20725
financial.balance_sheet.prepayments.latest_reported,2019,890261,867574,22687
financial.balance_sheet.prepayments.latest_reported,2020,952002,926773,25229
financial.balance_sheet.prepayments.latest_reported,2021,1062390,1036937,25453
financial.balance_sheet.prepayments.latest_reported,2022,1149262,1122829,26433
financial.balance_sheet.prepayments.latest_reported,2023,1211954,1185558,26396
financial.balance_sheet.prepayments.latest_reported,2024,1236332,1210366,25966
financial.balance_sheet.prepayments.latest_reported,2025,1251467,1225407,26060
financial.balance_sheet.prepayments.latest_reported,2026,868253,850973,17280
financial.balance_sheet.short_term_borrowings.latest_reported,2010,452712,367662,85050
financial.balance_sheet.short_term_borrowings.latest_reported,2011,536606,410458,126148
financial.balance_sheet.short_term_borrowings.latest_reported,2012,586712,452128,134584
financial.balance_sheet.short_term_borrowings.latest_reported,2013,587580,451760,135820
financial.balance_sheet.short_term_borrowings.latest_reported,2014,620068,485285,134783
financial.balance_sheet.short_term_borrowings.latest_reported,2015,665185,520617,144568
financial.balance_sheet.short_term_borrowings.latest_reported,2016,704146,550212,153934
financial.balance_sheet.short_term_borrowings.latest_reported,2017,799069,602398,196671
financial.balance_sheet.short_term_borrowings.latest_reported,2018,856805,653101,203704
financial.balance_sheet.short_term_borrowings.latest_reported,2019,890261,691089,199172
financial.balance_sheet.short_term_borrowings.latest_reported,2020,952002,743382,208620
financial.balance_sheet.short_term_borrowings.latest_reported,2021,1062390,804997,257393
financial.balance_sheet.short_term_borrowings.latest_reported,2022,1149262,856768,292494
financial.balance_sheet.short_term_borrowings.latest_reported,2023,1211954,920607,291347
financial.balance_sheet.short_term_borrowings.latest_reported,2024,1236332,951117,285215
financial.balance_sheet.short_term_borrowings.latest_reported,2025,1251467,975811,275656
financial.balance_sheet.short_term_borrowings.latest_reported,2026,868253,683927,184326
financial.balance_sheet.total_assets.latest_reported,2010,452712,451950,762
financial.balance_sheet.total_assets.latest_reported,2011,536606,535925,681
financial.balance_sheet.total_assets.latest_reported,2012,586712,586176,536
financial.balance_sheet.total_assets.latest_reported,2013,587580,587104,476
financial.balance_sheet.total_assets.latest_reported,2014,620068,619721,347
financial.balance_sheet.total_assets.latest_reported,2015,665185,665093,92
financial.balance_sheet.total_assets.latest_reported,2016,704146,704146,0
financial.balance_sheet.total_assets.latest_reported,2017,799069,799069,0
financial.balance_sheet.total_assets.latest_reported,2018,856805,856805,0
financial.balance_sheet.total_assets.latest_reported,2019,890261,890261,0
financial.balance_sheet.total_assets.latest_reported,2020,952002,952002,0
financial.balance_sheet.total_assets.latest_reported,2021,1062390,1062390,0
financial.balance_sheet.total_assets.latest_reported,2022,1149262,1149210,52
financial.balance_sheet.total_assets.latest_reported,2023,1211954,1211954,0
financial.balance_sheet.total_assets.latest_reported,2024,1236332,1236228,104
financial.balance_sheet.total_assets.latest_reported,2025,1251467,1251448,19
financial.balance_sheet.total_assets.latest_reported,2026,868253,868246,7
financial.balance_sheet.total_liabilities.latest_reported,2010,452712,451950,762
financial.balance_sheet.total_liabilities.latest_reported,2011,536606,535961,645
financial.balance_sheet.total_liabilities.latest_reported,2012,586712,586115,597
financial.balance_sheet.total_liabilities.latest_reported,2013,587580,587104,476
financial.balance_sheet.total_liabilities.latest_reported,2014,620068,619079,989
financial.balance_sheet.total_liabilities.latest_reported,2015,665185,664716,469
financial.balance_sheet.total_liabilities.latest_reported,2016,704146,704146,0
financial.balance_sheet.total_liabilities.latest_reported,2017,799069,798957,112
financial.balance_sheet.total_liabilities.latest_reported,2018,856805,856707,98
financial.balance_sheet.total_liabilities.latest_reported,2019,890261,890261,0
financial.balance_sheet.total_liabilities.latest_reported,2020,952002,952002,0
financial.balance_sheet.total_liabilities.latest_reported,2021,1062390,1062360,30
financial.balance_sheet.total_liabilities.latest_reported,2022,1149262,1149208,54
financial.balance_sheet.total_liabilities.latest_reported,2023,1211954,1211813,141
financial.balance_sheet.total_liabilities.latest_reported,2024,1236332,1236152,180
financial.balance_sheet.total_liabilities.latest_reported,2025,1251467,1251448,19
financial.balance_sheet.total_liabilities.latest_reported,2026,868253,868232,21
financial.cashflow.cash_equivalents.latest_reported,2010,452712,449464,3248
financial.cashflow.cash_equivalents.latest_reported,2011,536606,534662,1944
financial.cashflow.cash_equivalents.latest_reported,2012,586712,585193,1519
financial.cashflow.cash_equivalents.latest_reported,2013,587580,586541,1039
financial.cashflow.cash_equivalents.latest_reported,2014,620068,617803,2265
financial.cashflow.cash_equivalents.latest_reported,2015,665185,664905,280
financial.cashflow.cash_equivalents.latest_reported,2016,704146,703995,151
financial.cashflow.cash_equivalents.latest_reported,2017,799069,798636,433
financial.cashflow.cash_equivalents.latest_reported,2018,856805,856552,253
financial.cashflow.cash_equivalents.latest_reported,2019,890261,890194,67
financial.cashflow.cash_equivalents.latest_reported,2020,952002,951897,105
financial.cashflow.cash_equivalents.latest_reported,2021,1062390,1062368,22
financial.cashflow.cash_equivalents.latest_reported,2022,1149262,1149158,104
financial.cashflow.cash_equivalents.latest_reported,2023,1211954,1211673,281
financial.cashflow.cash_equivalents.latest_reported,2024,1236332,1236198,134
financial.cashflow.cash_equivalents.latest_reported,2025,1251467,1251400,67
financial.cashflow.cash_equivalents.latest_reported,2026,868253,868183,70
financial.cashflow.cash_paid_acquisitions.ttm,2010,452712,13601,439111
financial.cashflow.cash_paid_acquisitions.ttm,2011,536606,18163,518443
financial.cashflow.cash_paid_acquisitions.ttm,2012,586712,22811,563901
financial.cashflow.cash_paid_acquisitions.ttm,2013,587580,28126,559454
financial.cashflow.cash_paid_acquisitions.ttm,2014,620068,34913,585155
financial.cashflow.cash_paid_acquisitions.ttm,2015,665185,40617,624568
financial.cashflow.cash_paid_acquisitions.ttm,2016,704146,53198,650948
financial.cashflow.cash_paid_acquisitions.ttm,2017,799069,62725,736344
financial.cashflow.cash_paid_acquisitions.ttm,2018,856805,67426,789379
financial.cashflow.cash_paid_acquisitions.ttm,2019,890261,64873,825388
financial.cashflow.cash_paid_acquisitions.ttm,2020,952002,56855,895147
financial.cashflow.cash_paid_acquisitions.ttm,2021,1062390,54217,1008173
financial.cashflow.cash_paid_acquisitions.ttm,2022,1149262,57747,1091515
financial.cashflow.cash_paid_acquisitions.ttm,2023,1211954,60880,1151074
financial.cashflow.cash_paid_acquisitions.ttm,2024,1236332,60871,1175461
financial.cashflow.cash_paid_acquisitions.ttm,2025,1251467,57903,1193564
financial.cashflow.cash_paid_acquisitions.ttm,2026,868253,40051,828202
financial.cashflow.cash_paid_capex.ttm,2010,452712,434668,18044
financial.cashflow.cash_paid_capex.ttm,2011,536606,518616,17990
financial.cashflow.cash_paid_capex.ttm,2012,586712,570196,16516
financial.cashflow.cash_paid_capex.ttm,2013,587580,572530,15050
financial.cashflow.cash_paid_capex.ttm,2014,620068,605371,14697
financial.cashflow.cash_paid_capex.ttm,2015,665185,650340,14845
financial.cashflow.cash_paid_capex.ttm,2016,704146,687854,16292
financial.cashflow.cash_paid_capex.ttm,2017,799069,776901,22168
financial.cashflow.cash_paid_capex.ttm,2018,856805,833541,23264
financial.cashflow.cash_paid_capex.ttm,2019,890261,864415,25846
financial.cashflow.cash_paid_capex.ttm,2020,952002,920223,31779
financial.cashflow.cash_paid_capex.ttm,2021,1062390,1031475,30915
financial.cashflow.cash_paid_capex.ttm,2022,1149262,1122921,26341
financial.cashflow.cash_paid_capex.ttm,2023,1211954,1162125,49829
financial.cashflow.cash_paid_capex.ttm,2024,1236332,1189999,46333
financial.cashflow.cash_paid_capex.ttm,2025,1251467,1213276,38191
financial.cashflow.cash_paid_capex.ttm,2026,868253,844338,23915
financial.cashflow.cash_paid_debt_repayment.ttm,2010,452712,352869,99843
financial.cashflow.cash_paid_debt_repayment.ttm,2011,536606,396584,140022
financial.cashflow.cash_paid_debt_repayment.ttm,2012,586712,416773,169939
financial.cashflow.cash_paid_debt_repayment.ttm,2013,587580,417439,170141
financial.cashflow.cash_paid_debt_repayment.ttm,2014,620068,444169,175899
financial.cashflow.cash_paid_debt_repayment.ttm,2015,665185,485048,180137
financial.cashflow.cash_paid_debt_repayment.ttm,2016,704146,519413,184733
financial.cashflow.cash_paid_debt_repayment.ttm,2017,799069,573887,225182
financial.cashflow.cash_paid_debt_repayment.ttm,2018,856805,603867,252938
financial.cashflow.cash_paid_debt_repayment.ttm,2019,890261,634283,255978
financial.cashflow.cash_paid_debt_repayment.ttm,2020,952002,681125,270877
financial.cashflow.cash_paid_debt_repayment.ttm,2021,1062390,754344,308046
financial.cashflow.cash_paid_debt_repayment.ttm,2022,1149262,806498,342764
financial.cashflow.cash_paid_debt_repayment.ttm,2023,1211954,834822,377132
financial.cashflow.cash_paid_debt_repayment.ttm,2024,1236332,858177,378155
financial.cashflow.cash_paid_debt_repayment.ttm,2025,1251467,895084,356383
financial.cashflow.cash_paid_debt_repayment.ttm,2026,868253,624881,243372
financial.cashflow.cash_paid_goods.ttm,2010,452712,433112,19600
financial.cashflow.cash_paid_goods.ttm,2011,536606,513969,22637
financial.cashflow.cash_paid_goods.ttm,2012,586712,564789,21923
financial.cashflow.cash_paid_goods.ttm,2013,587580,569313,18267
financial.cashflow.cash_paid_goods.ttm,2014,620068,600363,19705
financial.cashflow.cash_paid_goods.ttm,2015,665185,643826,21359
financial.cashflow.cash_paid_goods.ttm,2016,704146,681439,22707
financial.cashflow.cash_paid_goods.ttm,2017,799069,767972,31097
financial.cashflow.cash_paid_goods.ttm,2018,856805,823052,33753
financial.cashflow.cash_paid_goods.ttm,2019,890261,852734,37527
financial.cashflow.cash_paid_goods.ttm,2020,952002,909274,42728
financial.cashflow.cash_paid_goods.ttm,2021,1062390,1021152,41238
financial.cashflow.cash_paid_goods.ttm,2022,1149262,1110160,39102
financial.cashflow.cash_paid_goods.ttm,2023,1211954,1147198,64756
financial.cashflow.cash_paid_goods.ttm,2024,1236332,1174325,62007
financial.cashflow.cash_paid_goods.ttm,2025,1251467,1197825,53642
financial.cashflow.cash_paid_goods.ttm,2026,868253,835936,32317
financial.cashflow.cash_paid_investments.ttm,2010,452712,118028,334684
financial.cashflow.cash_paid_investments.ttm,2011,536606,139704,396902
financial.cashflow.cash_paid_investments.ttm,2012,586712,150742,435970
financial.cashflow.cash_paid_investments.ttm,2013,587580,161973,425607
financial.cashflow.cash_paid_investments.ttm,2014,620068,193062,427006
financial.cashflow.cash_paid_investments.ttm,2015,665185,236171,429014
financial.cashflow.cash_paid_investments.ttm,2016,704146,298282,405864
financial.cashflow.cash_paid_investments.ttm,2017,799069,370705,428364
financial.cashflow.cash_paid_investments.ttm,2018,856805,435170,421635
financial.cashflow.cash_paid_investments.ttm,2019,890261,473443,416818
financial.cashflow.cash_paid_investments.ttm,2020,952002,493952,458050
financial.cashflow.cash_paid_investments.ttm,2021,1062390,550901,511489
financial.cashflow.cash_paid_investments.ttm,2022,1149262,620592,528670
financial.cashflow.cash_paid_investments.ttm,2023,1211954,663232,548722
financial.cashflow.cash_paid_investments.ttm,2024,1236332,683809,552523
financial.cashflow.cash_paid_investments.ttm,2025,1251467,707358,544109
financial.cashflow.cash_paid_investments.ttm,2026,868253,498533,369720
financial.cashflow.cash_received_asset_disposals.ttm,2010,452712,250872,201840
financial.cashflow.cash_received_asset_disposals.ttm,2011,536606,292395,244211
financial.cashflow.cash_received_asset_disposals.ttm,2012,586712,322825,263887
financial.cashflow.cash_received_asset_disposals.ttm,2013,587580,333200,254380
financial.cashflow.cash_received_asset_disposals.ttm,2014,620068,368135,251933
financial.cashflow.cash_received_asset_disposals.ttm,2015,665185,400156,265029
financial.cashflow.cash_received_asset_disposals.ttm,2016,704146,422052,282094
financial.cashflow.cash_received_asset_disposals.ttm,2017,799069,476262,322807
financial.cashflow.cash_received_asset_disposals.ttm,2018,856805,519853,336952
financial.cashflow.cash_received_asset_disposals.ttm,2019,890261,554805,335456
financial.cashflow.cash_received_asset_disposals.ttm,2020,952002,583513,368489
financial.cashflow.cash_received_asset_disposals.ttm,2021,1062390,656780,405610
financial.cashflow.cash_received_asset_disposals.ttm,2022,1149262,739087,410175
financial.cashflow.cash_received_asset_disposals.ttm,2023,1211954,772117,439837
financial.cashflow.cash_received_asset_disposals.ttm,2024,1236332,804977,431355
financial.cashflow.cash_received_asset_disposals.ttm,2025,1251467,834874,416593
financial.cashflow.cash_received_asset_disposals.ttm,2026,868253,554470,313783
financial.cashflow.cash_received_borrowing.ttm,2010,452712,324953,127759
financial.cashflow.cash_received_borrowing.ttm,2011,536606,367353,169253
financial.cashflow.cash_received_borrowing.ttm,2012,586712,390800,195912
financial.cashflow.cash_received_borrowing.ttm,2013,587580,397848,189732
financial.cashflow.cash_received_borrowing.ttm,2014,620068,426508,193560
financial.cashflow.cash_received_borrowing.ttm,2015,665185,460407,204778
financial.cashflow.cash_received_borrowing.ttm,2016,704146,487432,216714
financial.cashflow.cash_received_borrowing.ttm,2017,799069,533175,265894
financial.cashflow.cash_received_borrowing.ttm,2018,856805,567188,289617
financial.cashflow.cash_received_borrowing.ttm,2019,890261,602218,288043
financial.cashflow.cash_received_borrowing.ttm,2020,952002,644561,307441
financial.cashflow.cash_received_borrowing.ttm,2021,1062390,707208,355182
financial.cashflow.cash_received_borrowing.ttm,2022,1149262,750722,398540
financial.cashflow.cash_received_borrowing.ttm,2023,1211954,794304,417650
financial.cashflow.cash_received_borrowing.ttm,2024,1236332,826529,409803
financial.cashflow.cash_received_borrowing.ttm,2025,1251467,860726,390741
financial.cashflow.cash_received_borrowing.ttm,2026,868253,596006,272247
financial.cashflow.cash_received_sales.ttm,2010,452712,434832,17880
financial.cashflow.cash_received_sales.ttm,2011,536606,515765,20841
financial.cashflow.cash_received_sales.ttm,2012,586712,566391,20321
financial.cashflow.cash_received_sales.ttm,2013,587580,569991,17589
financial.cashflow.cash_received_sales.ttm,2014,620068,601322,18746
financial.cashflow.cash_received_sales.ttm,2015,665185,645248,19937
financial.cashflow.cash_received_sales.ttm,2016,704146,682586,21560
financial.cashflow.cash_received_sales.ttm,2017,799069,769353,29716
financial.cashflow.cash_received_sales.ttm,2018,856805,824622,32183
financial.cashflow.cash_received_sales.ttm,2019,890261,853633,36628
financial.cashflow.cash_received_sales.ttm,2020,952002,909928,42074
financial.cashflow.cash_received_sales.ttm,2021,1062390,1022148,40242
financial.cashflow.cash_received_sales.ttm,2022,1149262,1110528,38734
financial.cashflow.cash_received_sales.ttm,2023,1211954,1146454,65500
financial.cashflow.cash_received_sales.ttm,2024,1236332,1173999,62333
financial.cashflow.cash_received_sales.ttm,2025,1251467,1198176,53291
financial.cashflow.cash_received_sales.ttm,2026,868253,836206,32047
financial.cashflow.operating_cash_flow.latest_fy,2010,452712,451621,1091
financial.cashflow.operating_cash_flow.latest_fy,2011,536606,535826,780
financial.cashflow.operating_cash_flow.latest_fy,2012,586712,586226,486
financial.cashflow.operating_cash_flow.latest_fy,2013,587580,587104,476
financial.cashflow.operating_cash_flow.latest_fy,2014,620068,619721,347
financial.cashflow.operating_cash_flow.latest_fy,2015,665185,665093,92
financial.cashflow.operating_cash_flow.latest_fy,2016,704146,704146,0
financial.cashflow.operating_cash_flow.latest_fy,2017,799069,799069,0
financial.cashflow.operating_cash_flow.latest_fy,2018,856805,856805,0
financial.cashflow.operating_cash_flow.latest_fy,2019,890261,890261,0
financial.cashflow.operating_cash_flow.latest_fy,2020,952002,952002,0
financial.cashflow.operating_cash_flow.latest_fy,2021,1062390,1062390,0
financial.cashflow.operating_cash_flow.latest_fy,2022,1149262,1149262,0
financial.cashflow.operating_cash_flow.latest_fy,2023,1211954,1211954,0
financial.cashflow.operating_cash_flow.latest_fy,2024,1236332,1236332,0
financial.cashflow.operating_cash_flow.latest_fy,2025,1251467,1250927,540
financial.cashflow.operating_cash_flow.latest_fy,2026,868253,868065,188
financial.cashflow.operating_cash_flow.ttm,2010,452712,446679,6033
financial.cashflow.operating_cash_flow.ttm,2011,536606,529427,7179
financial.cashflow.operating_cash_flow.ttm,2012,586712,580870,5842
financial.cashflow.operating_cash_flow.ttm,2013,587580,582400,5180
financial.cashflow.operating_cash_flow.ttm,2014,620068,615369,4699
financial.cashflow.operating_cash_flow.ttm,2015,665185,659228,5957
financial.cashflow.operating_cash_flow.ttm,2016,704146,696206,7940
financial.cashflow.operating_cash_flow.ttm,2017,799069,785283,13786
financial.cashflow.operating_cash_flow.ttm,2018,856805,841606,15199
financial.cashflow.operating_cash_flow.ttm,2019,890261,874149,16112
financial.cashflow.operating_cash_flow.ttm,2020,952002,933514,18488
financial.cashflow.operating_cash_flow.ttm,2021,1062390,1046502,15888
financial.cashflow.operating_cash_flow.ttm,2022,1149262,1135603,13659
financial.cashflow.operating_cash_flow.ttm,2023,1211954,1175700,36254
financial.cashflow.operating_cash_flow.ttm,2024,1236332,1201864,34468
financial.cashflow.operating_cash_flow.ttm,2025,1251467,1223863,27604
financial.cashflow.operating_cash_flow.ttm,2026,868253,854460,13793
financial.income.consolidated_net_profit.ttm,2010,452712,431966,20746
financial.income.consolidated_net_profit.ttm,2011,536606,517749,18857
financial.income.consolidated_net_profit.ttm,2012,586712,572586,14126
financial.income.consolidated_net_profit.ttm,2013,587580,570930,16650
financial.income.consolidated_net_profit.ttm,2014,620068,604715,15353
financial.income.consolidated_net_profit.ttm,2015,665185,649955,15230
financial.income.consolidated_net_profit.ttm,2016,704146,687334,16812
financial.income.consolidated_net_profit.ttm,2017,799069,776729,22340
financial.income.consolidated_net_profit.ttm,2018,856805,832936,23869
financial.income.consolidated_net_profit.ttm,2019,890261,866775,23486
financial.income.consolidated_net_profit.ttm,2020,952002,925866,26136
financial.income.consolidated_net_profit.ttm,2021,1062390,1037075,25315
financial.income.consolidated_net_profit.ttm,2022,1149262,1127059,22203
financial.income.consolidated_net_profit.ttm,2023,1211954,1158964,52990
financial.income.consolidated_net_profit.ttm,2024,1236332,1195987,40345
financial.income.consolidated_net_profit.ttm,2025,1251467,1233111,18356
financial.income.consolidated_net_profit.ttm,2026,868253,858450,9803
financial.income.fair_value_gain.ttm,2010,452712,76503,376209
financial.income.fair_value_gain.ttm,2011,536606,85564,451042
financial.income.fair_value_gain.ttm,2012,586712,96836,489876
financial.income.fair_value_gain.ttm,2013,587580,102702,484878
financial.income.fair_value_gain.ttm,2014,620068,110063,510005
financial.income.fair_value_gain.ttm,2015,665185,116714,548471
financial.income.fair_value_gain.ttm,2016,704146,119371,584775
financial.income.fair_value_gain.ttm,2017,799069,129534,669535
financial.income.fair_value_gain.ttm,2018,856805,144560,712245
financial.income.fair_value_gain.ttm,2019,890261,177830,712431
financial.income.fair_value_gain.ttm,2020,952002,254302,697700
financial.income.fair_value_gain.ttm,2021,1062390,364715,697675
financial.income.fair_value_gain.ttm,2022,1149262,469642,679620
financial.income.fair_value_gain.ttm,2023,1211954,552860,659094
financial.income.fair_value_gain.ttm,2024,1236332,610533,625799
financial.income.fair_value_gain.ttm,2025,1251467,660663,590804
financial.income.fair_value_gain.ttm,2026,868253,478854,389399
financial.income.investment_income.ttm,2010,452712,262971,189741
financial.income.investment_income.ttm,2011,536606,300368,236238
financial.income.investment_income.ttm,2012,586712,326622,260090
financial.income.investment_income.ttm,2013,587580,346075,241505
financial.income.investment_income.ttm,2014,620068,391684,228384
financial.income.investment_income.ttm,2015,665185,447752,217433
financial.income.investment_income.ttm,2016,704146,501122,203024
financial.income.investment_income.ttm,2017,799069,586766,212303
financial.income.investment_income.ttm,2018,856805,664345,192460
financial.income.investment_income.ttm,2019,890261,728531,161730
financial.income.investment_income.ttm,2020,952002,785062,166940
financial.income.investment_income.ttm,2021,1062390,872083,190307
financial.income.investment_income.ttm,2022,1149262,960756,188506
financial.income.investment_income.ttm,2023,1211954,1012285,199669
financial.income.investment_income.ttm,2024,1236332,1060647,175685
financial.income.investment_income.ttm,2025,1251467,1110182,141285
financial.income.investment_income.ttm,2026,868253,777389,90864
financial.income.net_profit_parent.latest_fy,2010,452712,452007,705
financial.income.net_profit_parent.latest_fy,2011,536606,535961,645
financial.income.net_profit_parent.latest_fy,2012,586712,586226,486
financial.income.net_profit_parent.latest_fy,2013,587580,587104,476
financial.income.net_profit_parent.latest_fy,2014,620068,619721,347
financial.income.net_profit_parent.latest_fy,2015,665185,665093,92
financial.income.net_profit_parent.latest_fy,2016,704146,704146,0
financial.income.net_profit_parent.latest_fy,2017,799069,799069,0
financial.income.net_profit_parent.latest_fy,2018,856805,856805,0
financial.income.net_profit_parent.latest_fy,2019,890261,890261,0
financial.income.net_profit_parent.latest_fy,2020,952002,952002,0
financial.income.net_profit_parent.latest_fy,2021,1062390,1062390,0
financial.income.net_profit_parent.latest_fy,2022,1149262,1149262,0
financial.income.net_profit_parent.latest_fy,2023,1211954,1211954,0
financial.income.net_profit_parent.latest_fy,2024,1236332,1236332,0
financial.income.net_profit_parent.latest_fy,2025,1251467,1251435,32
financial.income.net_profit_parent.latest_fy,2026,868253,868253,0
financial.income.net_profit_parent.ttm,2010,452712,431966,20746
financial.income.net_profit_parent.ttm,2011,536606,517749,18857
financial.income.net_profit_parent.ttm,2012,586712,572586,14126
financial.income.net_profit_parent.ttm,2013,587580,570999,16581
financial.income.net_profit_parent.ttm,2014,620068,604715,15353
financial.income.net_profit_parent.ttm,2015,665185,649955,15230
financial.income.net_profit_parent.ttm,2016,704146,687334,16812
financial.income.net_profit_parent.ttm,2017,799069,776729,22340
financial.income.net_profit_parent.ttm,2018,856805,832936,23869
financial.income.net_profit_parent.ttm,2019,890261,866775,23486
financial.income.net_profit_parent.ttm,2020,952002,925866,26136
financial.income.net_profit_parent.ttm,2021,1062390,1037075,25315
financial.income.net_profit_parent.ttm,2022,1149262,1126906,22356
financial.income.net_profit_parent.ttm,2023,1211954,1158947,53007
financial.income.net_profit_parent.ttm,2024,1236332,1195950,40382
financial.income.net_profit_parent.ttm,2025,1251467,1233350,18117
financial.income.net_profit_parent.ttm,2026,868253,858826,9427
financial.income.nonoperating_expense.ttm,2010,452712,395530,57182
financial.income.nonoperating_expense.ttm,2011,536606,470394,66212
financial.income.nonoperating_expense.ttm,2012,586712,518439,68273
financial.income.nonoperating_expense.ttm,2013,587580,522992,64588
financial.income.nonoperating_expense.ttm,2014,620068,556467,63601
financial.income.nonoperating_expense.ttm,2015,665185,600041,65144
financial.income.nonoperating_expense.ttm,2016,704146,637148,66998
financial.income.nonoperating_expense.ttm,2017,799069,725073,73996
financial.income.nonoperating_expense.ttm,2018,856805,774177,82628
financial.income.nonoperating_expense.ttm,2019,890261,806509,83752
financial.income.nonoperating_expense.ttm,2020,952002,864496,87506
financial.income.nonoperating_expense.ttm,2021,1062390,976411,85979
financial.income.nonoperating_expense.ttm,2022,1149262,1060475,88787
financial.income.nonoperating_expense.ttm,2023,1211954,1096306,115648
financial.income.nonoperating_expense.ttm,2024,1236332,1137040,99292
financial.income.nonoperating_expense.ttm,2025,1251467,1183471,67996
financial.income.nonoperating_expense.ttm,2026,868253,818074,50179
financial.income.nonoperating_income.ttm,2010,452712,411161,41551
financial.income.nonoperating_income.ttm,2011,536606,494988,41618
financial.income.nonoperating_income.ttm,2012,586712,550099,36613
financial.income.nonoperating_income.ttm,2013,587580,553823,33757
financial.income.nonoperating_income.ttm,2014,620068,588572,31496
financial.income.nonoperating_income.ttm,2015,665185,635724,29461
financial.income.nonoperating_income.ttm,2016,704146,676639,27507
financial.income.nonoperating_income.ttm,2017,799069,765201,33868
financial.income.nonoperating_income.ttm,2018,856805,799240,57565
financial.income.nonoperating_income.ttm,2019,890261,815789,74472
financial.income.nonoperating_income.ttm,2020,952002,864270,87732
financial.income.nonoperating_income.ttm,2021,1062390,966992,95398
financial.income.nonoperating_income.ttm,2022,1149262,1054286,94976
financial.income.nonoperating_income.ttm,2023,1211954,1087266,124688
financial.income.nonoperating_income.ttm,2024,1236332,1125230,111102
financial.income.nonoperating_income.ttm,2025,1251467,1166103,85364
financial.income.nonoperating_income.ttm,2026,868253,807967,60286
financial.income.operating_cost.ttm,2010,452712,421121,31591
financial.income.operating_cost.ttm,2011,536606,505013,31593
financial.income.operating_cost.ttm,2012,586712,558891,27821
financial.income.operating_cost.ttm,2013,587580,559407,28173
financial.income.operating_cost.ttm,2014,620068,592013,28055
financial.income.operating_cost.ttm,2015,665185,636745,28440
financial.income.operating_cost.ttm,2016,704146,674197,29949
financial.income.operating_cost.ttm,2017,799069,761438,37631
financial.income.operating_cost.ttm,2018,856805,816037,40768
financial.income.operating_cost.ttm,2019,890261,846599,43662
financial.income.operating_cost.ttm,2020,952002,903487,48515
financial.income.operating_cost.ttm,2021,1062390,1013488,48902
financial.income.operating_cost.ttm,2022,1149262,1101832,47430
financial.income.operating_cost.ttm,2023,1211954,1130312,81642
financial.income.operating_cost.ttm,2024,1236332,1168359,67973
financial.income.operating_cost.ttm,2025,1251467,1207205,44262
financial.income.operating_cost.ttm,2026,868253,840094,28159
financial.income.operating_revenue.ttm,2010,452712,428978,23734
financial.income.operating_revenue.ttm,2011,536606,514130,22476
financial.income.operating_revenue.ttm,2012,586712,568984,17728
financial.income.operating_revenue.ttm,2013,587580,569014,18566
financial.income.operating_revenue.ttm,2014,620068,604269,15799
financial.income.operating_revenue.ttm,2015,665185,649540,15645
financial.income.operating_revenue.ttm,2016,704146,686893,17253
financial.income.operating_revenue.ttm,2017,799069,776316,22753
financial.income.operating_revenue.ttm,2018,856805,832560,24245
financial.income.operating_revenue.ttm,2019,890261,866279,23982
financial.income.operating_revenue.ttm,2020,952002,925147,26855
financial.income.operating_revenue.ttm,2021,1062390,1036596,25794
financial.income.operating_revenue.ttm,2022,1149262,1125887,23375
financial.income.operating_revenue.ttm,2023,1211954,1158016,53938
financial.income.operating_revenue.ttm,2024,1236332,1195105,41227
financial.income.operating_revenue.ttm,2025,1251467,1232956,18511
financial.income.operating_revenue.ttm,2026,868253,858572,9681
financial.income.rd_expense.ttm,2010,452712,242,452470
financial.income.rd_expense.ttm,2011,536606,244,536362
financial.income.rd_expense.ttm,2012,586712,243,586469
financial.income.rd_expense.ttm,2013,587580,238,587342
financial.income.rd_expense.ttm,2014,620068,245,619823
financial.income.rd_expense.ttm,2015,665185,244,664941
financial.income.rd_expense.ttm,2016,704146,244,703902
financial.income.rd_expense.ttm,2017,799069,244,798825
financial.income.rd_expense.ttm,2018,856805,796,856009
financial.income.rd_expense.ttm,2019,890261,179336,710925
financial.income.rd_expense.ttm,2020,952002,767626,184376
financial.income.rd_expense.ttm,2021,1062390,901036,161354
financial.income.rd_expense.ttm,2022,1149262,998697,150565
financial.income.rd_expense.ttm,2023,1211954,1041468,170486
financial.income.rd_expense.ttm,2024,1236332,1082697,153635
financial.income.rd_expense.ttm,2025,1251467,1116698,134769
financial.income.rd_expense.ttm,2026,868253,784316,83937
financial.income.total_revenue.latest_fy,2010,452712,450859,1853
financial.income.total_revenue.latest_fy,2011,536606,534743,1863
financial.income.total_revenue.latest_fy,2012,586712,585043,1669
financial.income.total_revenue.latest_fy,2013,587580,586702,878
financial.income.total_revenue.latest_fy,2014,620068,619476,592
financial.income.total_revenue.latest_fy,2015,665185,664849,336
financial.income.total_revenue.latest_fy,2016,704146,703893,253
financial.income.total_revenue.latest_fy,2017,799069,799018,51
financial.income.total_revenue.latest_fy,2018,856805,856805,0
financial.income.total_revenue.latest_fy,2019,890261,890261,0
financial.income.total_revenue.latest_fy,2020,952002,951788,214
financial.income.total_revenue.latest_fy,2021,1062390,1062237,153
financial.income.total_revenue.latest_fy,2022,1149262,1148852,410
financial.income.total_revenue.latest_fy,2023,1211954,1211634,320
financial.income.total_revenue.latest_fy,2024,1236332,1236080,252
financial.income.total_revenue.latest_fy,2025,1251467,1251318,149
financial.income.total_revenue.latest_fy,2026,868253,868086,167
financial.income.total_revenue.ttm,2010,452712,428978,23734
financial.income.total_revenue.ttm,2011,536606,514202,22404
financial.income.total_revenue.ttm,2012,586712,569029,17683
financial.income.total_revenue.ttm,2013,587580,569058,18522
financial.income.total_revenue.ttm,2014,620068,604269,15799
financial.income.total_revenue.ttm,2015,665185,649540,15645
financial.income.total_revenue.ttm,2016,704146,686893,17253
financial.income.total_revenue.ttm,2017,799069,776316,22753
financial.income.total_revenue.ttm,2018,856805,832560,24245
financial.income.total_revenue.ttm,2019,890261,866447,23814
financial.income.total_revenue.ttm,2020,952002,925226,26776
financial.income.total_revenue.ttm,2021,1062390,1036596,25794
financial.income.total_revenue.ttm,2022,1149262,1126016,23246
financial.income.total_revenue.ttm,2023,1211954,1158258,53696
financial.income.total_revenue.ttm,2024,1236332,1195347,40985
financial.income.total_revenue.ttm,2025,1251467,1233160,18307
financial.income.total_revenue.ttm,2026,868253,858739,9514
